<linker>
  <assembly fullname="Assembly-CSharp, Version=0.0.0.0, Culture=neutral, PublicKeyToken=null">
    <type fullname="AOP.DataCenter.BarrackBuildingSO" preserve="all" />
    <type fullname="AOP.DataCenter.BuildingOrtiantationProfileSO" preserve="all" />
    <type fullname="AOP.DataCenter.BuildingSO" preserve="all" />
    <type fullname="AOP.DataCenter.MilitaryUnitSO" preserve="all" />
    <type fullname="AOP.DataCenter.OneShotParticleSO" preserve="all" />
    <type fullname="AOP.GamePlay.CameraControl.CameraController" preserve="all" />
    <type fullname="AOP.GamePlay.ChangeableSystems.Health.HealthSystem" preserve="all" />
    <type fullname="AOP.GamePlay.FX.OneShotParticle" preserve="all" />
    <type fullname="AOP.GamePlay.InGameEnvironment" preserve="all" />
    <type fullname="AOP.GamePlay.Navigation.NavigationAgent" preserve="all" />
    <type fullname="AOP.GamePlay.Units.ArcherBarrack" preserve="all" />
    <type fullname="AOP.GamePlay.Units.Infantry" preserve="all" />
    <type fullname="AOP.GamePlay.Units.PowerPlant" preserve="all" />
    <type fullname="AOP.GamePlay.Units.Temple" preserve="all" />
    <type fullname="AOP.GamePlay.Units.TroopBarrack" preserve="all" />
    <type fullname="AOP.GamePlay.Units.Wizard" preserve="all" />
    <type fullname="AOP.GamePlay.Units.Workshop" preserve="all" />
    <type fullname="AOP.GridSystem.GridWorldCell" preserve="all" />
    <type fullname="AOP.Tools.InfiniteScroll" preserve="all" />
    <type fullname="AOP.Tools.SlideInput" preserve="all" />
    <type fullname="AOP.UI.ButtonListener" preserve="all" />
    <type fullname="AOP.UI.Items.UIBuildingProductionItem" preserve="all" />
    <type fullname="AOP.UI.Items.UIGameLevelItem" preserve="all" />
    <type fullname="AOP.UI.Items.UIProgressBar" preserve="all" />
    <type fullname="AOP.UI.Items.UIUnitInformationArea" preserve="all" />
    <type fullname="AOP.UI.UIGameBuildingItem" preserve="all" />
    <type fullname="AOP.UI.Windows.EntryWindow" preserve="all" />
    <type fullname="AOP.UI.Windows.InGameWindow" preserve="all" />
    <type fullname="AOP.UI.Windows.LeftPanelWindow" preserve="all" />
    <type fullname="AOP.UI.Windows.LoadingWindow" preserve="all" />
    <type fullname="AOP.UI.Windows.MainMenuWindow" preserve="all" />
    <type fullname="AOP.UI.Windows.NewGameWindow" preserve="all" />
    <type fullname="AOP.UI.Windows.RightPanelWindow" preserve="all" />
    <type fullname="EpicToonFX.ETFXRotation" preserve="all" />
  </assembly>
  <assembly fullname="Unity.Addressables, Version=0.0.0.0, Culture=neutral, PublicKeyToken=null" preserve="all">
    <type fullname="UnityEngine.AddressableAssets.Addressables" preserve="all" />
  </assembly>
  <assembly fullname="Unity.ResourceManager, Version=0.0.0.0, Culture=neutral, PublicKeyToken=null" preserve="all">
    <type fullname="UnityEngine.ResourceManagement.ResourceProviders.AssetBundleProvider" preserve="all" />
    <type fullname="UnityEngine.ResourceManagement.ResourceProviders.BundledAssetProvider" preserve="all" />
    <type fullname="UnityEngine.ResourceManagement.ResourceProviders.InstanceProvider" preserve="all" />
    <type fullname="UnityEngine.ResourceManagement.ResourceProviders.LegacyResourcesProvider" preserve="all" />
    <type fullname="UnityEngine.ResourceManagement.ResourceProviders.SceneProvider" preserve="all" />
  </assembly>
  <assembly fullname="Unity.TextMeshPro, Version=0.0.0.0, Culture=neutral, PublicKeyToken=null">
    <type fullname="TMPro.TextMeshProUGUI" preserve="all" />
    <type fullname="TMPro.TMP_FontAsset" preserve="all" />
  </assembly>
  <assembly fullname="UnityEngine.CoreModule, Version=0.0.0.0, Culture=neutral, PublicKeyToken=null">
    <type fullname="UnityEngine.GameObject" preserve="all" />
    <type fullname="UnityEngine.Material" preserve="all" />
    <type fullname="UnityEngine.Mesh" preserve="all" />
    <type fullname="UnityEngine.Object" preserve="all" />
    <type fullname="UnityEngine.RectTransform" preserve="all" />
    <type fullname="UnityEngine.Shader" preserve="all" />
    <type fullname="UnityEngine.Sprite" preserve="all" />
    <type fullname="UnityEngine.SpriteRenderer" preserve="all" />
    <type fullname="UnityEngine.Texture2D" preserve="all" />
    <type fullname="UnityEngine.Transform" preserve="all" />
  </assembly>
  <assembly fullname="UnityEngine.ParticleSystemModule, Version=0.0.0.0, Culture=neutral, PublicKeyToken=null">
    <type fullname="UnityEngine.ParticleSystem" preserve="all" />
    <type fullname="UnityEngine.ParticleSystemRenderer" preserve="all" />
  </assembly>
  <assembly fullname="UnityEngine.Physics2DModule, Version=0.0.0.0, Culture=neutral, PublicKeyToken=null">
    <type fullname="UnityEngine.BoxCollider2D" preserve="all" />
  </assembly>
  <assembly fullname="UnityEngine.TextRenderingModule, Version=0.0.0.0, Culture=neutral, PublicKeyToken=null">
    <type fullname="UnityEngine.Font" preserve="all" />
  </assembly>
  <assembly fullname="UnityEngine.UI, Version=1.0.0.0, Culture=neutral, PublicKeyToken=null">
    <type fullname="UnityEngine.EventSystems.EventTrigger" preserve="all" />
    <type fullname="UnityEngine.UI.Button" preserve="all" />
    <type fullname="UnityEngine.UI.CanvasScaler" preserve="all" />
    <type fullname="UnityEngine.UI.ContentSizeFitter" preserve="all" />
    <type fullname="UnityEngine.UI.GraphicRaycaster" preserve="all" />
    <type fullname="UnityEngine.UI.GridLayoutGroup" preserve="all" />
    <type fullname="UnityEngine.UI.Image" preserve="all" />
    <type fullname="UnityEngine.UI.Mask" preserve="all" />
    <type fullname="UnityEngine.UI.Scrollbar" preserve="all" />
    <type fullname="UnityEngine.UI.ScrollRect" preserve="all" />
    <type fullname="UnityEngine.UI.Text" preserve="all" />
  </assembly>
  <assembly fullname="UnityEngine.UIModule, Version=0.0.0.0, Culture=neutral, PublicKeyToken=null">
    <type fullname="UnityEngine.Canvas" preserve="all" />
    <type fullname="UnityEngine.CanvasGroup" preserve="all" />
    <type fullname="UnityEngine.CanvasRenderer" preserve="all" />
  </assembly>
</linker>